{
    "numeric_features": [
        "event_rate",
        "disorder_ratio",
        "late_event_ratio",
        "avg_latency_ms",
        "window_fill_ratio",
        "interaction_rate",
        "collision_rate",
        "proximity_rate",
        "swarm_rate",
        "conflict_rate",
        "watermark_lag_ms",
        "processing_latency_ms"
    ],
    "mean": [
        63.796402877697844,
        0.6323106474820144,
        0.016441906474820144,
        4413.835589928058,
        154.93838129496402,
        0.028882877697841727,
        0.030089287710168888,
        0.16797047803279302,
        0.006666116478378009,
        0.023331671735494566,
        0.0,
        2914.4737410071943
    ],
    "scale": [
        24.269488527606974,
        0.36894687281311056,
        0.019324659460694997,
        2541.1933018387485,
        143.67256674293148,
        0.0849229866623949,
        0.06581681781606939,
        0.31305857950016236,
        0.01548693773500527,
        0.04680293918550877,
        1.0,
        1680.9011998196293
    ]
}